#,Name,Total,HP,Attack,Defense,Sp. Atk,Sp. Def,Speed,Generation,Legendary,national_number,gen,korean_name,english_name,japanese_name,primary_type,secondary_type,classification,percent_male,percent_female,height_m,weight_kg,capture_rate,base_egg_steps,abilities_0,abilities_1,abilities_2,abilities_hidden,against_normal,against_fire,against_water,against_electric,against_grass,against_ice,against_fighting,against_poison,against_ground,against_flying,against_psychic,against_bug,against_rock,against_ghost,against_dragon,against_dark,against_steel,against_fairy,is_sublegendary,is_legendary,is_mythical,evochain_0,evochain_1,evochain_2,evochain_3,evochain_4,evochain_5,evochain_6,description
1,Bulbasaur,318,45,49,49,65,65,45,1,FALSE,1,I,이상해씨,Bulbasaur,Fushigidane,grass,poison,Seed Pokémon,88.14,11.86,0.7,6.9,45,5120,Overgrow,,,Chlorophyll,1,2,0.5,0.5,0.25,2,0.5,1,1,2,2,1,1,1,1,1,1,0.5,0,0,0,Bulbasaur,Level ,Ivysaur,Level ,Venusaur,,,There is a plant seed on its back right from the day this Pokémon is born. The seed slowly grows larger.
2,Ivysaur,405,60,62,63,80,80,60,1,FALSE,2,I,이상해풀,Ivysaur,Fushigisou,grass,poison,Seed Pokémon,88.14,11.86,1,13,45,5120,Overgrow,,,Chlorophyll,1,2,0.5,0.5,0.25,2,0.5,1,1,2,2,1,1,1,1,1,1,0.5,0,0,0,Bulbasaur,Level ,Ivysaur,Level ,Venusaur,,,"When the bulb on its back grows large, it appears to lose the ability to stand on its hind legs."
3,Venusaur,525,80,82,83,100,100,80,1,FALSE,3,I,이상해꽃,Venusaur,Fushigibana,grass,poison,Seed Pokémon,88.14,11.86,2,100,45,5120,Overgrow,,,Chlorophyll,1,2,0.5,0.5,0.25,2,0.5,1,1,2,2,1,1,1,1,1,1,0.5,0,0,0,Bulbasaur,Level ,Ivysaur,Level ,Venusaur,,,Its plant blooms when it is absorbing solar energy. It stays on the move to seek sunlight.
4,Charmander,309,39,52,43,60,50,65,1,FALSE,4,I,파이리,Charmander,Hitokage,fire,,Lizard Pokémon,88.14,11.86,0.6,8.5,45,5120,Blaze,,,Solar Power,1,0.5,2,1,0.5,0.5,1,1,2,1,1,0.5,2,1,1,1,0.5,0.5,0,0,0,Charmander,Level ,Charmeleon,Level ,Charizard,,,"It has a preference for hot things. When it rains, steam is said to spout from the tip of its tail."
5,Charmeleon,405,58,64,58,80,65,80,1,FALSE,5,I,리자드,Charmeleon,Lizardo,fire,,Flame Pokémon,88.14,11.86,1.1,19,45,5120,Blaze,,,Solar Power,1,0.5,2,1,0.5,0.5,1,1,2,1,1,0.5,2,1,1,1,0.5,0.5,0,0,0,Charmander,Level ,Charmeleon,Level ,Charizard,,,"It has a barbaric nature. In battle, it whips its fiery tail around and slashes away with sharp claws."
6,Charizard,534,78,84,78,109,85,100,1,FALSE,6,I,리자몽,Charizard,Lizardon,fire,flying,Flame Pokémon,88.14,11.86,1.7,90.5,45,5120,Blaze,,,Solar Power,1,0.5,2,2,0.25,1,0.5,1,0,1,1,0.25,4,1,1,1,0.5,0.5,0,0,0,Charmander,Level ,Charmeleon,Level ,Charizard,,,It spits fire that is hot enough to melt boulders. It may cause forest fires by blowing flames.
7,Squirtle,314,44,48,65,50,64,43,1,FALSE,7,I,꼬부기,Squirtle,Zenigame,water,,Tiny Turtle Pokémon,88.14,11.86,0.5,9,45,5120,Torrent,,,Rain Dish,1,0.5,0.5,2,2,0.5,1,1,1,1,1,1,1,1,1,1,0.5,1,0,0,0,Squirtle,Level ,Wartortle,Level ,Blastoise,,,"When it retracts its long neck into its shell, it squirts out water with vigorous force."
8,Wartortle,405,59,63,80,65,80,58,1,FALSE,8,I,어니부기,Wartortle,Kameil,water,,Turtle Pokémon,88.14,11.86,1,22.5,45,5120,Torrent,,,Rain Dish,1,0.5,0.5,2,2,0.5,1,1,1,1,1,1,1,1,1,1,0.5,1,0,0,0,Squirtle,Level ,Wartortle,Level ,Blastoise,,,"It is recognized as a symbol of longevity. If its shell has algae on it, that Wartortle is very old."
9,Blastoise,530,79,83,100,85,105,78,1,FALSE,9,I,거북왕,Blastoise,Kamex,water,,Shellfish Pokémon,88.14,11.86,1.6,85.5,45,5120,Torrent,,,Rain Dish,1,0.5,0.5,2,2,0.5,1,1,1,1,1,1,1,1,1,1,0.5,1,0,0,0,Squirtle,Level ,Wartortle,Level ,Blastoise,,,"It crushes its foe under its heavy body to cause fainting. In a pinch, it will withdraw inside its shell."
10,Caterpie,195,45,30,35,20,20,45,1,FALSE,10,I,캐터피,Caterpie,Caterpie,bug,,Worm Pokémon,50.2,49.8,0.3,2.9,255,3840,Shield Dust,,,Run Away,1,2,1,1,0.5,1,0.5,1,0.5,2,1,1,2,1,1,1,1,1,0,0,0,Caterpie,Level ,Metapod,Level ,Butterfree,,,"For protection, it releases a horrible stench from the antenna on its head to drive away enemies."
11,Metapod,205,50,20,55,25,25,30,1,FALSE,11,I,단데기,Metapod,Transel,bug,,Cocoon Pokémon,50.2,49.8,0.7,9.9,120,3840,Shed Skin,,,,1,2,1,1,0.5,1,0.5,1,0.5,2,1,1,2,1,1,1,1,1,0,0,0,Caterpie,Level ,Metapod,Level ,Butterfree,,,"It is waiting for the moment to evolve. At this stage, it can only harden, so it remains motionless to avoid attack."
12,Butterfree,395,60,45,50,90,80,70,1,FALSE,12,I,버터플,Butterfree,Butterfree,bug,flying,Butterfly Pokémon,50.2,49.8,1.1,32,45,3840,Compoundeyes,,,Tinted Lens,1,2,1,2,0.25,2,0.25,1,0,2,1,0.5,4,1,1,1,1,1,0,0,0,Caterpie,Level ,Metapod,Level ,Butterfree,,,"In battle, it flaps its wings at great speed to release highly toxic dust into the air."
13,Weedle,195,40,35,30,20,20,50,1,FALSE,13,I,뿔충이,Weedle,Beedle,bug,poison,Hairy Pokémon,50,50,0.3,3.2,255,3840,Shield Dust,,,Run Away,1,2,1,1,0.25,1,0.25,0.5,1,2,2,0.5,2,1,1,1,1,0.5,0,0,0,Weedle,Level ,Kakuna,Level ,Beedrill,,,Beware of the sharp stinger on its head. It hides in grass and bushes where it eats leaves.
14,Kakuna,205,45,25,50,25,25,35,1,FALSE,14,I,딱충이,Kakuna,Cocoon,bug,poison,Cocoon Pokémon,50,50,0.6,10,120,3840,Shed Skin,,,,1,2,1,1,0.25,1,0.25,0.5,1,2,2,0.5,2,1,1,1,1,0.5,0,0,0,Weedle,Level ,Kakuna,Level ,Beedrill,,,"Able to move only slightly. When endangered, it may stick out its stinger and poison its enemy."
15,Beedrill,395,65,90,40,45,80,75,1,FALSE,15,I,독침붕,Beedrill,Spear,bug,poison,Poison Bee Pokémon,50,50,1,29.5,45,3840,Swarm,,,Sniper,1,2,1,1,0.25,1,0.25,0.5,1,2,2,0.5,2,1,1,1,1,0.5,0,0,0,Weedle,Level ,Kakuna,Level ,Beedrill,,,It has three poisonous stingers on its forelegs and its tail. They are used to jab its enemy repeatedly.
16,Pidgey,251,40,45,40,35,35,56,1,FALSE,16,I,구구,Pidgey,Poppo,normal,flying,Tiny Bird Pokémon,50,50,0.3,1.8,255,3840,Keen Eye,Tangled Feet,,Big Pecks,1,1,1,2,0.5,2,1,1,0,1,1,0.5,2,0,1,1,1,1,0,0,0,Pidgey,Level ,Pidgeotto,Level ,Pidgeot,,,"Very docile. If attacked, it will often kick up sand to protect itself rather than fight back."
17,Pidgeotto,349,63,60,55,50,50,71,1,FALSE,17,I,피죤,Pidgeotto,Pigeon,normal,flying,Bird Pokémon,50,50,1.1,30,120,3840,Keen Eye,Tangled Feet,,Big Pecks,1,1,1,2,0.5,2,1,1,0,1,1,0.5,2,0,1,1,1,1,0,0,0,Pidgey,Level ,Pidgeotto,Level ,Pidgeot,,,This Pokémon is full of vitality. It constantly flies around its large territory in search of prey.
18,Pidgeot,479,83,80,75,70,70,101,1,FALSE,18,I,피죤투,Pidgeot,Pigeot,normal,flying,Bird Pokémon,50,50,1.5,39.5,45,3840,Keen Eye,Tangled Feet,,Big Pecks,1,1,1,2,0.5,2,1,1,0,1,1,0.5,2,0,1,1,1,1,0,0,0,Pidgey,Level ,Pidgeotto,Level ,Pidgeot,,,"This Pokémon flies at Mach 2 speed, seeking prey. Its large talons are feared as wicked weapons."
19,Rattata,253,30,56,35,25,35,72,1,FALSE,19,I,꼬렛,Rattata,Koratta,normal,dark,Mouse Pokémon,50,50,0.3,3.5,255,3840,Run Away,Guts,,Hustle,1,1,1,1,1,1,2,1,1,1,1,1,1,0,1,1,1,1,0,0,0,Rattata,Level,Raticate,,,,,"Will chew on anything with its fangs. If you see one, you can be certain that 40 more live in the area."
20,Raticate,413,55,81,60,50,70,97,1,FALSE,20,I,레트라,Raticate,Ratta,normal,dark,Mouse Pokémon,50,50,0.7,18.5,127,3840,Run Away,Guts,,Hustle,1,1,1,1,1,1,2,1,1,1,1,1,1,0,1,1,1,1,0,0,0,Rattata,Level,Raticate,,,,,"Its hind feet are webbed. They act as flippers, so it can swim in rivers and hunt for prey."
21,Spearow,262,40,60,30,31,31,70,1,FALSE,21,I,깨비참,Spearow,Onisuzume,normal,flying,Tiny Bird Pokémon,50,50,0.3,2,255,3840,Keen Eye,,,Sniper,1,1,1,2,0.5,2,1,1,0,1,1,0.5,2,0,1,1,1,1,0,0,0,Spearow,Level ,Fearow,,,,,"Inept at flying high. However, it can fly around very fast to protect its territory."
22,Fearow,442,65,90,65,61,61,100,1,FALSE,22,I,깨비드릴조,Fearow,Onidrill,normal,flying,Beak Pokémon,50,50,1.2,38,90,3840,Keen Eye,,,Sniper,1,1,1,2,0.5,2,1,1,0,1,1,0.5,2,0,1,1,1,1,0,0,0,Spearow,Level ,Fearow,,,,,"A Pokémon that dates back many years. If it senses danger, it flies high and away, instantly."
23,Ekans,288,35,60,44,40,54,55,1,FALSE,23,I,아보,Ekans,Arbo,poison,,Snake Pokémon,50,50,2,6.9,255,5120,Intimidate,Shed Skin,,Unnerve,1,1,1,1,0.5,1,0.5,0.5,2,1,2,0.5,1,1,1,1,1,0.5,0,0,0,Ekans,Level ,Arbok,,,,,"The older it gets, the longer it grows. At night, it wraps its long body around tree branches to rest."
24,Arbok,438,60,85,69,65,79,80,1,FALSE,24,I,아보크,Arbok,Arbok,poison,,Cobra Pokémon,50,50,3.5,65,90,5120,Intimidate,Shed Skin,,Unnerve,1,1,1,1,0.5,1,0.5,0.5,2,1,2,0.5,1,1,1,1,1,0.5,0,0,0,Ekans,Level ,Arbok,,,,,The frightening patterns on its belly have been studied. Six variations have been confirmed.
25,Pikachu,320,35,55,40,50,50,90,1,FALSE,25,I,피카츄,Pikachu,Pikachu,electric,,Mouse Pokémon,50.2,49.8,0.4,6,190,2560,Static,,,Lightning Rod,1,1,1,0.5,1,1,1,1,2,0.5,1,1,1,1,1,1,0.5,1,0,0,0,Pichu,Level Up with Happiness Value at 220,Pikachu,Use Thunder Stone,Raichu,,,Pikachu that can generate powerful electricity have cheek sacs that are extra soft and super stretchy.
26,Raichu,485,60,90,55,90,80,110,1,FALSE,26,I,라이츄,Raichu,Raichu,electric,electric,Mouse Pokémon,50.2,49.8,0.8,30,75,2560,Static,Surge Surfer (Alola Form),,Lightning Rod,1,1,1,0.5,1,1,1,1,2,0.5,1,1,1,1,1,1,0.5,1,0,0,0,Pichu,Level Up with Happiness Value at 220,Pikachu,Use Thunder Stone,Raichu,,,Its long tail serves as a ground to protect itself from its own high-voltage power.
27,Sandshrew,300,50,75,85,20,30,40,1,FALSE,27,I,모래두지,Sandshrew,Sand,ground,ice,Mouse Pokémon,50.2,49.8,0.6,12,255,5120,Sand Veil,,,Snow Cloak- Slush Rush,1,1,2,0,2,2,1,0.5,1,1,1,1,0.5,1,1,1,1,1,0,0,0,Sandshrew,Level,Sandslash,,,,,"It loves to bathe in the grit of dry, sandy areas. By sand bathing, the Pokémon rids itself of dirt and moisture clinging to its body."
28,Sandslash,450,75,100,110,45,55,65,1,FALSE,28,I,고지,Sandslash,Sandpan,ground,ice,Mouse Pokémon,50.2,49.8,1,29.5,90,5120,Sand Veil,,,Snow Cloak- Slush Rush,1,1,2,0,2,2,1,0.5,1,1,1,1,0.5,1,1,1,1,1,0,0,0,Sandshrew,Level,Sandslash,,,,,"The drier the area Sandslash lives in, the harder and smoother the Pokémon’s spikes will feel when touched."
29,Nidoran♀,275,55,47,52,40,40,41,1,FALSE,29,I,니드런♀,Nidoran♀,Nidoran♀,poison,,Poison Pin Pokémon,0,100,0.4,7,235,5120,Poison Point,Rivalry,,Hustle,1,1,1,1,0.5,1,0.5,0.5,2,1,2,0.5,1,1,1,1,1,0.5,0,0,0,Egg,When Female,Nidoran♀,Level 16,Nidorina,Use Moonstone,Nidoqueen,"Females are more sensitive to smells than males. While foraging, they’ll use their whiskers to check wind direction and stay downwind of predators."
30,Nidorina,365,70,62,67,55,55,56,1,FALSE,30,I,니드리나,Nidorina,Nidorina,poison,,Poison Pin Pokémon,0,100,0.8,20,120,5120,Poison Point,Rivalry,,Hustle,1,1,1,1,0.5,1,0.5,0.5,2,1,2,0.5,1,1,1,1,1,0.5,0,0,0,Egg,When Female,Nidoran♀,Level 16,Nidorina,Use Moonstone,Nidoqueen,The horn on its head has atrophied. It’s thought that this happens so Nidorina’s children won’t get poked while their mother is feeding them.
31,Nidoqueen,505,90,92,87,75,85,76,1,FALSE,31,I,니드퀸,Nidoqueen,Nidoqueen,poison,ground,Drill Pokémon,0,100,1.3,60,45,5120,Poison Point,Rivalry,,Sheer Force,1,1,2,0,1,2,0.5,0.25,2,1,2,0.5,0.5,1,1,1,1,0.5,0,0,0,Egg,When Female,Nidoran♀,Level 16,Nidorina,Use Moonstone,Nidoqueen,"Nidoqueen is better at defense than offense. With scales like armor, this Pokémon will shield its children from any kind of attack."
32,Nidoran♂,273,46,57,40,40,40,50,1,FALSE,32,I,니드런♂,Nidoran♂,Nidoran♂,poison,,Poison Pin Pokémon,100,0,0.5,9,235,5120,Poison Point,Rivalry,,Hustle,1,1,1,1,0.5,1,0.5,0.5,2,1,2,0.5,1,1,1,1,1,0.5,0,0,0,Egg,When Male,Nidoran♂,Level 16,Nidorino,Use Moonstone,Nidoking,"The horn on a male Nidoran’s forehead contains a powerful poison. This is a very cautious Pokémon, always straining its large ears."
33,Nidorino,365,61,72,57,55,55,65,1,FALSE,33,I,니드리노,Nidorino,Nidorino,poison,,Poison Pin Pokémon,100,0,0.9,19.5,120,5120,Poison Point,Rivalry,,Hustle,1,1,1,1,0.5,1,0.5,0.5,2,1,2,0.5,1,1,1,1,1,0.5,0,0,0,Egg,When Male,Nidoran♂,Level 16,Nidorino,Use Moonstone,Nidoking,"With a horn that’s harder than diamond, this Pokémon goes around shattering boulders as it searches for a moon stone."
34,Nidoking,505,81,102,77,85,75,85,1,FALSE,34,I,니드킹,Nidoking,Nidoking,poison,ground,Drill Pokémon,100,0,1.4,62,45,5120,Poison Point,Rivalry,,Sheer Force,1,1,2,0,1,2,0.5,0.25,2,1,2,0.5,0.5,1,1,1,1,0.5,0,0,0,Egg,When Male,Nidoran♂,Level 16,Nidorino,Use Moonstone,Nidoking,"When it goes on a rampage, it’s impossible to control. But in the presence of a Nidoqueen it’s lived with for a long time, Nidoking calms down."
35,Clefairy,323,70,45,48,60,65,35,1,FALSE,35,I,삐삐,Clefairy,Pippi,fairy,,Fairy Pokémon,24.9,75.1,0.6,7.5,150,2560,Cute Charm,Magic Guard,,Friend Guard,1,1,1,1,1,1,0.5,2,1,1,1,0.5,1,1,0,0.5,2,1,0,0,0,Cleffa,Level Up with Happiness Value at 220,Clefairy,Use Moon Stone,Clefable,,,It is said that happiness will come to those who see a gathering of Clefairy dancing under a full moon.
36,Clefable,483,95,70,73,95,90,60,1,FALSE,36,I,픽시,Clefable,Pixy,fairy,,Fairy Pokémon,24.9,75.1,1.3,40,25,2560,Cute Charm,Magic Guard,,Unaware,1,1,1,1,1,1,0.5,2,1,1,1,0.5,1,1,0,0.5,2,1,0,0,0,Cleffa,Level Up with Happiness Value at 220,Clefairy,Use Moon Stone,Clefable,,,"A timid fairy Pokémon that is rarely seen, it will run and hide the moment it senses people."
37,Vulpix,299,38,41,40,50,65,65,1,FALSE,37,I,식스테일,Vulpix,Rokon,fire,ice,Fox Pokémon,24.9,75.1,0.6,9.9,190,5120,Flash Fire,,,Snow Cloak- Snow Warning,1,0.5,2,1,0.5,0.5,1,1,2,1,1,0.5,2,1,1,1,0.5,0.5,0,0,0,Vulpix,Use Fire Stone,Ninetales,,,,,"While young, it has six gorgeous tails. When it grows, several new tails are sprouted."
38,Ninetales,505,73,76,75,81,100,100,1,FALSE,38,I,나인테일,Ninetales,Kyukon,fire,ice,Fox Pokémon,24.9,75.1,1.1,19.9,75,5120,Flash Fire,,,Snow Cloak- Snow Warning,1,0.5,2,1,0.5,0.5,1,1,2,1,1,0.5,2,1,1,1,0.5,0.5,0,0,0,Vulpix,Use Fire Stone,Ninetales,,,,,"It is said to live 1,000 years, and each of its tails is loaded with supernatural powers."
39,Jigglypuff,270,115,45,20,45,25,20,1,FALSE,39,I,푸린,Jigglypuff,Purin,normal,fairy,Balloon Pokémon,24.9,75.1,0.5,5.5,170,2560,Cute Charm,Competitive,,Friend Guard,1,1,1,1,1,1,1,2,1,1,1,0.5,1,0,0,0.5,2,1,0,0,0,Igglybuff,Level Up with Happiness Value at 220,Jigglypuff,Use Moon Stone,Wigglytuff,,,"Jigglypuff has top-notch lung capacity, even by comparison to other Pokémon. It won’t stop singing its lullabies until its foes fall asleep."
40,Wigglytuff,435,140,70,45,85,50,45,1,FALSE,40,I,푸크린,Wigglytuff,Pukurin,normal,fairy,Balloon Pokémon,24.9,75.1,1,12,50,2560,Cute Charm,Competitive,,Frisk,1,1,1,1,1,1,1,2,1,1,1,0.5,1,0,0,0.5,2,1,0,0,0,Igglybuff,Level Up with Happiness Value at 220,Jigglypuff,Use Moon Stone,Wigglytuff,,,"The more air it takes in, the more it inflates. If opponents catch it in a bad mood, it will inflate itself to an enormous size to intimidate them."
41,Zubat,245,40,45,35,30,40,55,1,FALSE,41,I,주뱃,Zubat,Zubat,poison,flying,Bat Pokémon,50.2,49.8,0.8,7.5,255,3840,Inner Focus,,,Infiltrator,1,1,1,2,0.25,2,0.25,0.5,0,1,2,0.25,2,1,1,1,1,0.5,0,0,0,Zubat,Level ,Golbat,Level Up with Happiness Value at 220,Crobat,,,"It emits ultrasonic waves from its mouth to check its surroundings. Even in tight caves, Zubat flies around with skill."
42,Golbat,455,75,80,70,65,75,90,1,FALSE,42,I,골뱃,Golbat,Golbat,poison,flying,Bat Pokémon,50.2,49.8,1.6,55,90,3840,Inner Focus,,,Infiltrator,1,1,1,2,0.25,2,0.25,0.5,0,1,2,0.25,2,1,1,1,1,0.5,0,0,0,Zubat,Level ,Golbat,Level Up with Happiness Value at 220,Crobat,,,"It loves to drink other creatures’ blood. It’s said that if it finds others of its kind going hungry, it sometimes shares the blood it’s gathered."
43,Oddish,320,45,50,55,75,65,30,1,FALSE,43,I,뚜벅쵸,Oddish,Nazonokusa,grass,poison,Weed Pokémon,50.2,49.8,0.5,5.4,255,5120,Chlorophyll,,,Run Away,1,2,0.5,0.5,0.25,2,0.5,1,1,2,2,1,1,1,1,1,1,0.5,0,0,0,Oddish,Level,Gloom,Use Leaf Stone,Vileplume,Use Sun Stone,Bellossom,"If exposed to moonlight, it starts to move. It roams far and wide at night to scatter its seeds."
44,Gloom,395,60,65,70,85,75,40,1,FALSE,44,I,냄새꼬,Gloom,Kusaihana,grass,poison,Weed Pokémon,50.2,49.8,0.8,8.6,120,5120,Chlorophyll,,,Stench,1,2,0.5,0.5,0.25,2,0.5,1,1,2,2,1,1,1,1,1,1,0.5,0,0,0,Oddish,Level,Gloom,Use Leaf Stone,Vileplume,Use Sun Stone,Bellossom,Its pistils exude an incredibly foul odor. The horrid stench can cause fainting at a distance of 1.25 miles.
45,Vileplume,490,75,80,85,110,90,50,1,FALSE,45,I,라플레시아,Vileplume,Ruffresia,grass,poison,Flower Pokémon,50.2,49.8,1.2,18.6,45,5120,Chlorophyll,,,Effect Spore,1,2,0.5,0.5,0.25,2,0.5,1,1,2,2,1,1,1,1,1,1,0.5,0,0,0,Oddish,Level,Gloom,Use Leaf Stone,Vileplume,,,"It has the world’s largest petals. With every step, the petals shake out heavy clouds of toxic pollen."
46,Paras,285,35,70,55,45,55,25,1,FALSE,46,I,파라스,Paras,Paras,bug,grass,Mushroom Pokémon,50,50,0.3,5.4,190,5120,Effect Spore,Dry Skin,,Damp,1,4,0.5,0.5,0.25,2,0.5,2,0.25,4,1,2,2,1,1,1,1,1,0,0,0,Paras,Level ,Parasect,,,,,Burrows under the ground to gnaw on tree roots. The mushrooms on its back absorb most of the nutrition.
47,Parasect,405,60,95,80,60,80,30,1,FALSE,47,I,파라섹트,Parasect,Parasect,bug,grass,Mushroom Pokémon,50,50,1,29.5,75,5120,Effect Spore,Dry Skin,,Damp,1,4,0.5,0.5,0.25,2,0.5,2,0.25,4,1,2,2,1,1,1,1,1,0,0,0,Paras,Level ,Parasect,,,,,The bug host is drained of energy by the mushroom on its back. The mushroom appears to do all the thinking.
48,Venonat,305,60,55,50,40,55,45,1,FALSE,48,I,콘팡,Venonat,Kongpang,bug,poison,Insect Pokémon,50,50,1,30,190,5120,Compound Eyes,Tinted Lens,,Run Away,1,2,1,1,0.25,1,0.25,0.5,1,2,2,0.5,2,1,1,1,1,0.5,0,0,0,Venonat,Level ,Venomoth,,,,,"Its large eyes act as radar. In a bright place, you can see that they are clusters of many tiny eyes."
49,Venomoth,450,70,65,60,90,75,90,1,FALSE,49,I,도나리,Venomoth,Morphon,bug,poison,Poison Moth Pokémon,50,50,1.5,12.5,75,5120,Shield Dust,Tinted Lens,,Wonder Skin,1,2,1,1,0.25,1,0.25,0.5,1,2,2,0.5,2,1,1,1,1,0.5,0,0,0,Venonat,Level ,Venomoth,,,,,The powdery scales on its wings are hard to remove from skin. They also contain poison that leaks out on contact.
50,Diglett,265,10,55,25,35,45,95,1,FALSE,50,I,디그다,Diglett,Digda,ground,ground,Mole Pokémon,50.2,49.8,0.2,0.8,255,5120,Sand Veil,Arena Trap,,Sand Force,1,1,2,0,2,2,1,0.5,1,1,1,1,0.5,1,1,1,1,1,0,0,0,Diglett,Level,Dugtrio,,,,,"If a Diglett digs through a field, it leaves the soil perfectly tilled and ideal for planting crops."
51,Dugtrio,405,35,80,50,50,70,120,1,FALSE,51,I,닥트리오,Dugtrio,Dugtrio,ground,ground,Mole Pokémon,50.2,49.8,0.7,33.3,50,5120,Sand Veil,Arena Trap,,Sand Force,1,1,2,0,2,2,1,0.5,1,1,1,1,0.5,1,1,1,1,1,0,0,0,Diglett,Level,Dugtrio,,,,,A team of Diglett triplets. It triggers huge earthquakes by burrowing 60 miles underground.
52,Meowth,290,40,45,35,40,40,90,1,FALSE,52,I,나옹,Meowth,Nyarth,normal,dark,Scratch Cat Pokémon,50.2,49.8,0.4,4.2,255,5120,Pickup,Technician,,Unnerve,1,1,1,1,1,1,2,1,1,1,1,1,1,0,1,1,1,1,0,0,0,Meowth,Level,Persian,,,,,"It loves to collect shiny things. If it’s in a good mood, it might even let its Trainer have a look at its hoard of treasures."
53,Persian,440,65,70,60,65,65,115,1,FALSE,53,I,페르시온,Persian,Persian,normal,dark,Classy Cat Pokémon,50.2,49.8,1,32,90,5120,Limber,Technician,,Unnerve,1,1,1,1,1,1,2,1,1,1,1,1,1,0,1,1,1,1,0,0,0,Meowth,Level,Persian,,,,,"Getting this prideful Pokémon to warm up to you takes a lot of effort, and it will claw at you the moment it gets annoyed."
54,Psyduck,320,50,52,48,65,50,55,1,FALSE,54,I,고라파덕,Psyduck,Koduck,water,,Duck Pokémon,50.2,49.8,0.8,19.6,190,5120,Damp,Cloud Nine,,Swift Swim,1,0.5,0.5,2,2,0.5,1,1,1,1,1,1,1,1,1,1,0.5,1,0,0,0,Psyduck,Level ,Golduck,,,,,"Psyduck is constantly beset by headaches. If the Pokémon lets its strange power erupt, apparently the pain subsides for a while."
55,Golduck,500,80,82,78,95,80,85,1,FALSE,55,I,골덕,Golduck,Golduck,water,,Duck Pokémon,50.2,49.8,1.7,76.6,75,5120,Damp,Cloud Nine,,Swift Swim,1,0.5,0.5,2,2,0.5,1,1,1,1,1,1,1,1,1,1,0.5,1,0,0,0,Psyduck,Level ,Golduck,,,,,"This Pokémon lives in gently flowing rivers. It paddles through the water with its long limbs, putting its graceful swimming skills on display."
56,Mankey,305,40,80,35,35,45,70,1,FALSE,56,I,망키,Mankey,Mankey,fighting,,Pig Monkey Pokémon,50,50,0.5,28,190,5120,Vital Spirit,Anger Point,,Defiant,1,1,1,1,1,1,1,1,1,2,2,0.5,0.5,1,1,0.5,1,2,0,0,0,Mankey,Level ,Primeape,,,,,An agile Pokémon that lives in trees. It angers easily and will not hesitate to attack anything.
57,Primeape,455,65,105,60,60,70,95,1,FALSE,57,I,성원숭,Primeape,Okorizaru,fighting,,Pig Monkey Pokémon,50,50,1,32,75,5120,Vital Spirit,Anger Point,,Defiant,1,1,1,1,1,1,1,1,1,2,2,0.5,0.5,1,1,0.5,1,2,0,0,0,Mankey,Level ,Primeape,,,,,It stops being angry only when nobody else is around. To view this moment is very difficult.
58,Growlithe,350,55,70,45,70,50,60,1,FALSE,58,I,가디,Growlithe,Gardie,fire,,Puppy Pokémon,75.49,24.51,0.7,19,190,5120,Intimidate,Flash Fire,,Justified,1,0.5,2,1,0.5,0.5,1,1,2,1,1,0.5,2,1,1,1,0.5,0.5,0,0,0,Growlithe,Use Fire Stone,Arcanine,,,,,It has a brave and trustworthy nature. It fearlessly stands up to bigger and stronger foes.
59,Arcanine,555,90,110,80,100,80,95,1,FALSE,59,I,윈디,Arcanine,Windie,fire,,Legendary Pokémon,75.49,24.51,1.9,155,75,5120,Intimidate,Flash Fire,,Justified,1,0.5,2,1,0.5,0.5,1,1,2,1,1,0.5,2,1,1,1,0.5,0.5,0,0,0,Growlithe,Use Fire Stone,Arcanine,,,,,"The sight of it running over 6,200 miles in a single day and night has captivated many people."
60,Poliwag,300,40,50,40,40,40,90,1,FALSE,60,I,발챙이,Poliwag,Nyoromo,water,,Tadpole Pokémon,50.2,49.8,0.6,12.4,255,5120,Water Absorb,Damp,,Swift Swim,1,0.5,0.5,2,2,0.5,1,1,1,1,1,1,1,1,1,1,0.5,1,0,0,0,Poliwag,Level,Poliwhirl,Use Water Stone,Poliwrath,Trade with  King's Rock,Politoed,"For Poliwag, swimming is easier than walking. The swirl pattern on its belly is actually part of the Pokémon’s innards showing through the skin."
61,Poliwhirl,385,65,65,65,50,50,90,1,FALSE,61,I,슈륙챙이,Poliwhirl,Nyorozo,water,,Tadpole Pokémon,50.2,49.8,1,20,120,5120,Water Absorb,Damp,,Swift Swim,1,0.5,0.5,2,2,0.5,1,1,1,1,1,1,1,1,1,1,0.5,1,0,0,0,Poliwag,Level,Poliwhirl,Use Water Stone,Poliwrath,Trade with  King's Rock,Politoed,Staring at the swirl on its belly causes drowsiness. This trait of Poliwhirl’s has been used in place of lullabies to get children to go to sleep.
62,Poliwrath,510,90,95,95,70,90,70,1,FALSE,62,I,강챙이,Poliwrath,Nyorobon,water,fighting,Tadpole Pokémon,50.2,49.8,1.3,54,45,5120,Water Absorb,Damp,,Swift Swim,1,0.5,0.5,2,2,0.5,1,1,1,2,2,0.5,0.5,1,1,0.5,0.5,2,0,0,0,Poliwag,Level,Poliwhirl,Use Water Stone,Poliwrath,,,"Its body is solid muscle. When swimming through cold seas, Poliwrath uses its impressive arms to smash through drift ice and plow forward."
63,Abra,310,25,20,15,105,55,90,1,FALSE,63,I,캐이시,Abra,Casey,psychic,,Psi Pokémon,75.49,24.51,0.9,19.5,200,5120,Synchronize,Inner Focus,,Magic Guard,1,1,1,1,1,1,0.5,1,1,1,0.5,2,1,2,1,2,1,1,0,0,0,Abra,Level ,Kadabra,Trade,Alakazam,,,This Pokémon uses its psychic powers while it sleeps. The contents of Abra’s dreams affect the powers that the Pokémon wields.
64,Kadabra,400,40,35,30,120,70,105,1,FALSE,64,I,윤겔라,Kadabra,Yungerer,psychic,,Psi Pokémon,75.49,24.51,1.3,56.5,100,5120,Synchronize,Inner Focus,,Magic Guard,1,1,1,1,1,1,0.5,1,1,1,0.5,2,1,2,1,2,1,1,0,0,0,Abra,Level ,Kadabra,Trade,Alakazam,,,"Using its psychic power, Kadabra levitates as it sleeps. It uses its springy tail as a pillow."
65,Alakazam,500,55,50,45,135,95,120,1,FALSE,65,I,후딘,Alakazam,Foodin,psychic,,Psi Pokémon,75.49,24.51,1.5,48,50,5120,Synchronize,Inner Focus,,Magic Guard,1,1,1,1,1,1,0.5,1,1,1,0.5,2,1,2,1,2,1,1,0,0,0,Abra,Level ,Kadabra,Trade,Alakazam,,,"It has an incredibly high level of intelligence. Some say that Alakazam remembers everything that ever happens to it, from birth till death."
66,Machop,305,70,80,50,35,35,35,1,FALSE,66,I,알통몬,Machop,Wanriky,fighting,,Superpower Pokémon,75.49,24.51,0.8,19.5,180,5120,Guts,No Guard,,Steadfast,1,1,1,1,1,1,1,1,1,2,2,0.5,0.5,1,1,0.5,1,2,0,0,0,Machop,Level ,Machoke,Trade,Machamp,,,"Its whole body is composed of muscles. Even though it’s the size of a human child, it can hurl 100 grown-ups."
67,Machoke,405,80,100,70,50,60,45,1,FALSE,67,I,근육몬,Machoke,Goriky,fighting,,Superpower Pokémon,75.49,24.51,1.5,70.5,90,5120,Guts,No Guard,,Steadfast,1,1,1,1,1,1,1,1,1,2,2,0.5,0.5,1,1,0.5,1,2,0,0,0,Machop,Level ,Machoke,Trade,Machamp,,,"Its muscular body is so powerful, it must wear a power-save belt to be able to regulate its motions."
68,Machamp,505,90,130,80,65,85,55,1,FALSE,68,I,괴력몬,Machamp,Kairiky,fighting,,Superpower Pokémon,75.49,24.51,1.6,130,45,5120,Guts,No Guard,,Steadfast,1,1,1,1,1,1,1,1,1,2,2,0.5,0.5,1,1,0.5,1,2,0,0,0,Machop,Level ,Machoke,Trade,Machamp,,,It quickly swings its four arms to rock its opponents with ceaseless punches and chops from all angles.
69,Bellsprout,300,50,75,35,70,30,40,1,FALSE,69,I,모다피,Bellsprout,Madatsubomi,grass,poison,Flower Pokémon,50,50,0.7,4,255,5120,Chlorophyll,,,Gluttony,1,2,0.5,0.5,0.25,2,0.5,1,1,2,2,1,1,1,1,1,1,0.5,0,0,0,Bellsprout,Level ,Weepinbell,Use Leaf Stone,Victreebel,,,Prefers hot and humid places. It ensnares tiny bugs with its vines and devours them.
70,Weepinbell,390,65,90,50,85,45,55,1,FALSE,70,I,우츠동,Weepinbell,Utsudon,grass,poison,Flycatcher Pokémon,50,50,1,6.4,120,5120,Chlorophyll,,,Gluttony,1,2,0.5,0.5,0.25,2,0.5,1,1,2,2,1,1,1,1,1,1,0.5,0,0,0,Bellsprout,Level ,Weepinbell,Use Leaf Stone,Victreebel,,,"When hungry, it swallows anything that moves. Its hapless prey is dissolved by strong acids."
71,Victreebel,490,80,105,65,100,70,70,1,FALSE,71,I,우츠보트,Victreebel,Utsubot,grass,poison,Flycatcher Pokémon,50,50,1.7,15.5,45,5120,Chlorophyll,,,Gluttony,1,2,0.5,0.5,0.25,2,0.5,1,1,2,2,1,1,1,1,1,1,0.5,0,0,0,Bellsprout,Level ,Weepinbell,Use Leaf Stone,Victreebel,,,"Lures prey with the sweet aroma of honey. Swallowed whole, the prey is dissolved in a day, bones and all."
72,Tentacool,335,40,40,35,50,100,70,1,FALSE,72,I,왕눈해,Tentacool,Menokurage,water,poison,Jellyfish Pokémon,50.2,49.8,0.9,45.5,190,5120,Clear Body,Liquid Ooze,,Rain Dish,1,0.5,0.5,2,1,0.5,0.5,0.5,2,1,2,0.5,1,1,1,1,0.5,0.5,0,0,0,Tentacool,Level ,Tentacruel,,,,,Tentacool is not a particularly strong swimmer. It drifts across the surface of shallow seas as it searches for prey.
73,Tentacruel,515,80,70,65,80,120,100,1,FALSE,73,I,독파리,Tentacruel,Dokukurage,water,poison,Jellyfish Pokémon,50.2,49.8,1.6,55,60,5120,Clear Body,Liquid Ooze,,Rain Dish,1,0.5,0.5,2,1,0.5,0.5,0.5,2,1,2,0.5,1,1,1,1,0.5,0.5,0,0,0,Tentacool,Level ,Tentacruel,,,,,"When the red orbs on Tentacruel’s head glow brightly, watch out. The Pokémon is about to fire off a burst of ultrasonic waves."
74,Geodude,300,40,80,100,30,30,20,1,FALSE,74,I,꼬마돌,Geodude,Isitsubute,rock,ground,Rock Pokémon,50,50,0.4,20,255,3840,Rock Head,Sturdy,,Sand Veil,0.5,0.5,4,0,4,2,2,0.25,2,0.5,1,1,0.5,1,1,1,2,1,0,0,0,Geodude,Level,Graveler,Trade,Golem,,,"Commonly found near mountain trails and the like. If you step on one by accident, it gets angry."
75,Graveler,390,55,95,115,45,45,35,1,FALSE,75,I,데구리,Graveler,Golone,rock,ground,Rock Pokémon,50,50,1,105,120,3840,Rock Head,Sturdy,,Sand Veil,0.5,0.5,4,0,4,2,2,0.25,2,0.5,1,1,0.5,1,1,1,2,1,0,0,0,Geodude,Level,Graveler,Trade,Golem,,,"Often seen rolling down mountain trails. Obstacles are just things to roll straight over, not avoid."
76,Golem,495,80,120,130,55,65,45,1,FALSE,76,I,딱구리,Golem,Golonya,rock,ground,Megaton Pokémon,50,50,1.4,300,45,3840,Rock Head,Sturdy,,Sand Veil,0.5,0.5,4,0,4,2,2,0.25,2,0.5,1,1,0.5,1,1,1,2,1,0,0,0,Geodude,Level,Graveler,Trade,Golem,,,"Once it sheds its skin, its body turns tender and whitish. Its hide hardens when it’s exposed to air."
77,Ponyta,410,50,85,55,65,65,90,1,FALSE,77,I,포니타,Ponyta,Ponyta,fire,psychic,Fire Horse Pokémon,50.2,49.8,1,30,190,5120,Run Away,Flash Fire,,Flame Body,1,0.5,2,1,0.5,0.5,1,1,2,1,1,0.5,2,1,1,1,0.5,0.5,0,0,0,Ponyta,Level,Rapidash,,,,,"It can’t run properly when it’s newly born. As it races around with others of its kind, its legs grow stronger."
78,Rapidash,500,65,100,70,80,80,105,1,FALSE,78,I,날쌩마,Rapidash,Gallop,fire,psychic,Fire Horse Pokémon,50.2,49.8,1.7,95,60,5120,Run Away,Flash Fire,,Flame Body,1,0.5,2,1,0.5,0.5,1,1,2,1,1,0.5,2,1,1,1,0.5,0.5,0,0,0,Ponyta,Level,Rapidash,,,,,"This Pokémon can be seen galloping through fields at speeds of up to 150 mph, its fiery mane fluttering in the wind."
79,Slowpoke,315,90,65,65,40,40,15,1,FALSE,79,I,야돈,Slowpoke,Yadon,water,psychic,Dopey Pokémon,50.2,49.8,1.2,36,190,5120,Oblivious,Own Tempo,,Regenerator,1,0.5,0.5,2,2,0.5,0.5,1,1,1,0.5,2,1,2,1,2,0.5,1,0,0,0,Slowpoke,Level,Slowbro,Trade with  King's Rock,Slowking,Slowpoke,Use Galarica Cuff,"Slow-witted and oblivious, this Pokémon won’t feel any pain if its tail gets eaten. It won’t notice when its tail grows back, either."
80,Slowbro,490,95,75,110,100,80,30,1,FALSE,80,I,야도란,Slowbro,Yadoran,water,psychic,Hermit Crab Pokémon,50.2,49.8,1.6,78.5,75,5120,Oblivious,Own Tempo,,Regenerator,1,0.5,0.5,2,2,0.5,0.5,1,1,1,0.5,2,1,2,1,2,0.5,1,0,0,0,Slowpoke,Level,Slowbro,Trade with  King's Rock,Slowking,Slowpoke,Use Galarica Cuff,Slowpoke became Slowbro when a Shellder bit on to its tail. Sweet flavors seeping from the tail make the Shellder feel as if its life is a dream.
81,Magnemite,325,25,35,70,95,55,45,1,FALSE,81,I,코일,Magnemite,Coil,electric,steel,Magnet Pokémon,,,0.3,6,190,5120,Magnet Pull,Sturdy,,Analytic,0.5,2,1,0.5,0.5,0.5,2,0,4,0.25,0.5,0.5,0.5,1,0.5,1,0.25,0.5,0,0,0,Magnemite,Level ,Magneton,Use Thunder Stone,Magnezone,,,"At times, Magnemite runs out of electricity and ends up on the ground. If you give batteries to a grounded Magnemite, it’ll start moving again."
82,Magneton,465,50,60,95,120,70,70,1,FALSE,82,I,레어코일,Magneton,Rarecoil,electric,steel,Magnet Pokémon,,,1,60,60,5120,Magnet Pull,Sturdy,,Analytic,0.5,2,1,0.5,0.5,0.5,2,0,4,0.25,0.5,0.5,0.5,1,0.5,1,0.25,0.5,0,0,0,Magnemite,Level ,Magneton,Use Thunder Stone,Magnezone,,,This Pokémon is three Magnemite that have linked together. Magneton sends out powerful radio waves to study its surroundings.
83,Farfetch'd,352,52,65,55,58,62,60,1,FALSE,83,I,파오리,Farfetch'd,Kamonegi,normal,flying,Wild Duck Pokémon,50.2,49.8,0.8,15,45,5120,Keen Eye,Inner Focus,,Defiant,1,1,1,2,0.5,2,1,1,0,1,1,0.5,2,0,1,1,1,1,0,0,0,Farfetch'd,Get 3 Critical Hits in one battle,Sirfetch'd,,,,,"The stalk this Pokémon carries in its wings serves as a sword to cut down opponents. In a dire situation, the stalk can also serve as food."
84,Doduo,310,35,85,45,35,35,75,1,FALSE,84,I,두두,Doduo,Dodo,normal,flying,Twin Bird Pokémon,50,50,1.4,39.2,190,5120,Run Away,Early Bird,,Tangled Feet,1,1,1,2,0.5,2,1,1,0,1,1,0.5,2,0,1,1,1,1,0,0,0,Doduo,Level ,Dodrio,,,,,"Its short wings make flying difficult. Instead, this Pokémon runs at high speed on developed legs."
85,Dodrio,460,60,110,70,60,60,100,1,FALSE,85,I,두트리오,Dodrio,Dodorio,normal,flying,Triple Bird Pokémon,50,50,1.8,85.2,45,5120,Run Away,Early Bird,,Tangled Feet,1,1,1,2,0.5,2,1,1,0,1,1,0.5,2,0,1,1,1,1,0,0,0,Doduo,Level ,Dodrio,,,,,One of Doduo’s two heads splits to form a unique species. It runs close to 40 mph in prairies.
86,Seel,325,65,45,55,45,70,45,1,FALSE,86,I,쥬쥬,Seel,Pawou,water,,Sea Lion Pokémon,50,50,1.1,90,190,5120,Thick Fat,Hydration,,Ice Body,1,0.5,0.5,2,2,0.5,1,1,1,1,1,1,1,1,1,1,0.5,1,0,0,0,Seel,Level ,Dewgong,,,,,Loves freezing-cold conditions. Relishes swimming in a frigid climate of around 14 degrees Fahrenheit.
87,Dewgong,475,90,70,80,70,95,70,1,FALSE,87,I,쥬레곤,Dewgong,Jugon,water,ice,Sea Lion Pokémon,50,50,1.7,120,75,5120,Thick Fat,Hydration,,Ice Body,1,1,0.5,2,2,0.25,2,1,1,1,1,1,2,1,1,1,1,1,0,0,0,Seel,Level ,Dewgong,,,,,"Its entire body is a snowy white. Unharmed by even intense cold, it swims powerfully in icy waters."
88,Grimer,325,80,80,50,40,50,25,1,FALSE,88,I,질퍽이,Grimer,Betbeter,poison,poison,Sludge Pokémon,50,50,0.9,30,190,5120,Stench,Sticky Hold,,Poison Touch,1,1,1,1,0.5,1,0.5,0.5,2,1,2,0.5,1,1,1,1,1,0.5,0,0,0,Grimer,Level,Muk,,,,,Made of congealed sludge. It smells too putrid to touch. Even weeds won’t grow in its path.
89,Muk,500,105,105,75,65,100,50,1,FALSE,89,I,질뻐기,Muk,Betbeton,poison,poison,Sludge Pokémon,50,50,1.2,30,75,5120,Stench,Sticky Hold,,Poison Touch,1,1,1,1,0.5,1,0.5,0.5,2,1,2,0.5,1,1,1,1,1,0.5,0,0,0,Grimer,Level,Muk,,,,,"Smells so awful, it can cause fainting. Through degeneration of its nose, it lost its sense of smell."
90,Shellder,305,30,65,100,45,25,40,1,FALSE,90,I,셀러,Shellder,Shellder,water,,Bivalve Pokémon,50.2,49.8,0.3,4,190,5120,Shell Armor,Skill Link,,Overcoat,1,0.5,0.5,2,2,0.5,1,1,1,1,1,1,1,1,1,1,0.5,1,0,0,0,Shellder,Use Water Stone,Cloyster,,,,,It swims facing backward by opening and closing its two-piece shell. It is surprisingly fast.
91,Cloyster,525,50,95,180,85,45,70,1,FALSE,91,I,파르셀,Cloyster,Parshen,water,ice,Bivalve Pokémon,50.2,49.8,1.5,132.5,60,5120,Shell Armor,Skill Link,,Overcoat,1,1,0.5,2,2,0.25,2,1,1,1,1,1,2,1,1,1,1,1,0,0,0,Shellder,Use Water Stone,Cloyster,,,,,"Its shell is extremely hard. It cannot be shattered, even with a bomb. The shell opens only when it is attacking."
92,Gastly,310,30,35,30,100,35,80,1,FALSE,92,I,고오스,Gastly,Ghos,ghost,poison,Gas Pokémon,50.2,49.8,1.3,0.1,190,5120,Levitate,,,,0,1,1,1,0.5,1,0,0.25,2,1,2,0.25,1,2,1,2,1,0.5,0,0,0,Gastly,Level ,Haunter,Trade,Gengar,,,"Born from gases, anyone would faint if engulfed by its gaseous body, which contains poison."
93,Haunter,405,45,50,45,115,55,95,1,FALSE,93,I,고우스트,Haunter,Ghost,ghost,poison,Gas Pokémon,50.2,49.8,1.6,0.1,90,5120,Levitate,,,,0,1,1,1,0.5,1,0,0.25,2,1,2,0.25,1,2,1,2,1,0.5,0,0,0,Gastly,Level ,Haunter,Trade,Gengar,,,"Its tongue is made of gas. If licked, its victim starts shaking constantly until death eventually comes."
94,Gengar,500,60,65,60,130,75,110,1,FALSE,94,I,팬텀,Gengar,Gangar,ghost,poison,Shadow Pokémon,50.2,49.8,1.5,40.5,45,5120,Cursed Body,,,,0,1,1,1,0.5,1,0,0.25,2,1,2,0.25,1,2,1,2,1,0.5,0,0,0,Gastly,Level ,Haunter,Trade,Gengar,,,"On the night of a full moon, if shadows move on their own and laugh, it must be Gengar’s doing."
95,Onix,385,35,45,160,30,45,70,1,FALSE,95,I,롱스톤,Onix,Iwark,rock,ground,Rock Snake Pokémon,50.2,49.8,8.8,210,45,6400,Rock Head,Sturdy,,Weak Armor,0.5,0.5,4,0,4,2,2,0.25,2,0.5,1,1,0.5,1,1,1,2,1,0,0,0,Onix,Trade with  Metal Coat,Steelix,,,,,"As it digs through the ground, it absorbs many hard objects. This is what makes its body so solid."
96,Drowzee,328,60,48,45,43,90,42,1,FALSE,96,I,슬리프,Drowzee,Sleepe,psychic,,Hypnosis Pokémon,50,50,1,32.4,190,5120,Insomnia,Forewarn,,Inner Focus,1,1,1,1,1,1,0.5,1,1,1,0.5,2,1,2,1,2,1,1,0,0,0,Drowzee,Level ,Hypno,,,,,"If you sleep by it all the time, it will sometimes show you dreams it had eaten in the past."
97,Hypno,483,85,73,70,73,115,67,1,FALSE,97,I,슬리퍼,Hypno,Sleeper,psychic,,Hypnosis Pokémon,50,50,1.6,75.6,75,5120,Insomnia,Forewarn,,Inner Focus,1,1,1,1,1,1,0.5,1,1,1,0.5,2,1,2,1,2,1,1,0,0,0,Drowzee,Level ,Hypno,,,,,Avoid eye contact if you come across one. It will try to put you to sleep by using its pendulum.
98,Krabby,325,30,105,90,25,25,50,1,FALSE,98,I,크랩,Krabby,Crab,water,,River Crab Pokémon,50.2,49.8,0.4,6.5,225,5120,Hyper Cutter,Shell Armor,,Sheer Force,1,0.5,0.5,2,2,0.5,1,1,1,1,1,1,1,1,1,1,0.5,1,0,0,0,Krabby,Level ,Kingler,,,,,It can be found near the sea. The large pincers grow back if they are torn out of their sockets.
99,Kingler,475,55,130,115,50,50,75,1,FALSE,99,I,킹크랩,Kingler,Kingler,water,,Pincer Pokémon,50.2,49.8,1.3,60,60,5120,Hyper Cutter,Shell Armor,,Sheer Force,1,0.5,0.5,2,2,0.5,1,1,1,1,1,1,1,1,1,1,0.5,1,0,0,0,Krabby,Level ,Kingler,,,,,"Its large and hard pincer has 10,000-horsepower strength. However, being so big, it is unwieldy to move."
100,Voltorb,330,40,30,50,55,55,100,1,FALSE,100,I,찌리리공,Voltorb,Biriridama,electric,,Ball Pokémon,,,0.5,10.4,190,5120,Soundproof,Static,,Aftermath,1,1,1,0.5,1,1,1,1,2,0.5,1,1,1,1,1,1,0.5,1,0,0,0,Voltorb,Level ,Electrode,,,,,It is said to camouflage itself as a Poké Ball. It will self-destruct with very little stimulus.
101,Electrode,480,60,50,70,80,80,140,1,FALSE,101,I,붐볼,Electrode,Marumine,electric,,Ball Pokémon,,,1.2,66.6,60,5120,Soundproof,Static,,Aftermath,1,1,1,0.5,1,1,1,1,2,0.5,1,1,1,1,1,1,0.5,1,0,0,0,Voltorb,Level ,Electrode,,,,,Stores electrical energy inside its body. Even the slightest shock could trigger a huge explosion.
102,Exeggcute,325,60,40,80,60,45,40,1,FALSE,102,I,아라리,Exeggcute,Tamatama,grass,psychic,Egg Pokémon,50.2,49.8,0.4,2.5,90,5120,Chlorophyll,,,Harvest,1,2,0.5,0.5,0.5,2,0.5,2,0.5,2,0.5,4,1,2,1,2,1,1,0,0,0,Exeggcute,Use Leaf Stone,Exeggutor,,,,,"Though it may look like it’s just a bunch of eggs, it’s a proper Pokémon. Exeggcute communicates with others of its kind via telepathy, apparently."
103,Exeggutor,520,95,95,85,125,65,55,1,FALSE,103,I,나시,Exeggutor,Nassy,grass,psychic,Coconut Pokémon,50.2,49.8,2,120,45,5120,Chlorophyll,,,Frisk- Harvest,1,2,0.5,0.5,0.5,2,0.5,2,0.5,2,0.5,4,1,2,1,2,1,1,0,0,0,Exeggcute,Use Leaf Stone,Exeggutor,,,,,Each of Exeggutor’s three heads is thinking different thoughts. The three don’t seem to be very interested in one another.
104,Cubone,320,50,50,95,40,50,35,1,FALSE,104,I,탕구리,Cubone,Karakara,ground,,Lonely Pokémon,50.2,49.8,0.4,6.5,190,5120,Rock Head,Lightning Rod,,Battle Armor,1,1,2,0,2,2,1,0.5,1,1,1,1,0.5,1,1,1,1,1,0,0,0,Cubone,Level,Marowak,,,,,"When the memory of its departed mother brings it to tears, its cries echo mournfully within the skull it wears on its head."
105,Marowak,425,60,80,110,50,80,45,1,FALSE,105,I,텅구리,Marowak,Garagara,ground,fire,Bone Keeper Pokémon,50.2,49.8,1,45,75,5120,Rock Head,Lightning Rod,,Battle Armor,1,1,2,0,2,2,1,0.5,1,1,1,1,0.5,1,1,1,1,1,0,0,0,Cubone,Level,Marowak,,,,,"This Pokémon overcame its sorrow to evolve a sturdy new body. Marowak faces its opponents bravely, using a bone as a weapon."
106,Hitmonlee,455,50,120,53,35,110,87,1,FALSE,106,I,시라소몬,Hitmonlee,Sawamular,fighting,,Kicking Pokémon,100,0,1.5,49.8,45,6400,Limber,Reckless,,Unburden,1,1,1,1,1,1,1,1,1,2,2,0.5,0.5,1,1,0.5,1,2,0,0,0,Tyrogue,Attack > Defence at Level 20,Hitmonlee,,,,,This amazing Pokémon has an awesome sense of balance. It can kick in succession from any position.
107,Hitmonchan,455,50,105,79,35,110,76,1,FALSE,107,I,홍수몬,Hitmonchan,Ebiwalar,fighting,,Punching Pokémon,100,0,1.4,50.2,45,6400,Keen Eye,Iron Fist,,Inner Focus,1,1,1,1,1,1,1,1,1,2,2,0.5,0.5,1,1,0.5,1,2,0,0,0,Tyrogue,Attack < Defence at Level 20,Hitmonchan,,,,,"Its punches slice the air. They are launched at such high speed, even a slight graze could cause a burn."
108,Lickitung,385,90,55,75,60,75,30,1,FALSE,108,I,내루미,Lickitung,Beroringa,normal,,Licking Pokémon,50.2,49.8,1.2,65.5,45,5120,Own Tempo,Oblivious,,Cloud Nine,1,1,1,1,1,1,2,1,1,1,1,1,1,0,1,1,1,1,0,0,0,Lickitung,Level up while knowing  Rollout,Lickilicky,,,,,"If this Pokémon’s sticky saliva gets on you and you don’t clean it off, an intense itch will set in. The itch won’t go away, either."
109,Koffing,340,40,65,95,60,45,35,1,FALSE,109,I,또가스,Koffing,Dogars,poison,,Poison Gas Pokémon,50.2,49.8,0.6,1,190,5120,Levitate,Neutralizing Gas,,Stench,1,1,1,1,0.5,1,0.5,0.5,2,1,2,0.5,1,1,1,1,1,0.5,0,0,0,Koffing,Level,Weezing,,,,,"Its body is full of poisonous gas. It floats into garbage dumps, seeking out the fumes of raw, rotting trash."
110,Weezing,490,65,90,120,85,70,60,1,FALSE,110,I,또도가스,Weezing,Matadogas,poison,poison,Poison Gas Pokémon,50.2,49.8,1.2,9.5,60,5120,Levitate,Neutralizing Gas,,Stench,1,1,1,1,0.5,1,0.5,0.5,2,1,2,0.5,1,1,1,1,1,0.5,0,0,0,Koffing,Level,Weezing,,,,,It mixes gases between its two bodies. It’s said that these Pokémon were seen all over the Galar region back in the day.
111,Rhyhorn,345,80,85,95,30,30,25,1,FALSE,111,I,뿔카노,Rhyhorn,Sihorn,ground,rock,Spikes Pokémon,50.2,49.8,1,115,120,5120,Lightning Rod,Rock Head,,Reckless,0.5,0.5,4,0,4,2,2,0.25,2,0.5,1,1,0.5,1,1,1,2,1,0,0,0,Rhyhorn,Level ,Rhydon,Trade with  Protector,Rhyperior,,,"Strong, but not too bright, this Pokémon can shatter even a skyscraper with its charging tackles."
112,Rhydon,485,105,130,120,45,45,40,1,FALSE,112,I,코뿌리,Rhydon,Sidon,ground,rock,Drill Pokémon,50.2,49.8,1.9,120,60,5120,Lightning Rod,Rock Head,,Reckless,0.5,0.5,4,0,4,2,2,0.25,2,0.5,1,1,0.5,1,1,1,2,1,0,0,0,Rhyhorn,Level ,Rhydon,Trade with  Protector,Rhyperior,,,It begins walking on its hind legs after evolution. It can punch holes through boulders with its horn.
113,Chansey,450,250,5,5,35,105,50,1,FALSE,113,I,럭키,Chansey,Lucky,normal,,Egg Pokémon,0,100,1.1,34.6,30,10240,Natural Cure,Serene Grace,,Healer,1,1,1,1,1,1,2,1,1,1,1,1,1,0,1,1,1,1,0,0,0,Happiny,Level up during day while holding Oval Stone,Chansey,Level Up with Happiness Value at 220,Blissey,,,The egg Chansey carries is not only delicious but also packed with nutrition. It’s used as a high-class cooking ingredient.
114,Tangela,435,65,55,115,100,40,60,1,FALSE,114,I,덩쿠리,Tangela,Monjara,grass,,Vine Pokémon,50.2,49.8,1,35,45,5120,Chlorophyll,Leaf Guard,,Regenerator,1,2,0.5,0.5,0.5,2,1,2,0.5,2,1,2,1,1,1,1,1,1,0,0,0,Tangela,Level up while knowing  Ancient Power,Tangrowth,,,,,"Hidden beneath a tangle of vines that grows nonstop even if the vines are torn off, this Pokémon’s true appearance remains a mystery."
115,Kangaskhan,490,105,95,80,40,80,90,1,FALSE,115,I,캥카,Kangaskhan,Garura,normal,,Parent Pokémon,0,100,2.2,80,45,5120,Early Bird,Scrappy,,Inner Focus,1,1,1,1,1,1,2,1,1,1,1,1,1,0,1,1,1,1,0,0,0,Kangaskhan,,,,,,,"Although it’s carrying its baby in a pouch on its belly, Kangaskhan is swift on its feet. It intimidates its opponents with quick jabs."
116,Horsea,295,30,40,70,70,25,60,1,FALSE,116,I,쏘드라,Horsea,Tattu,water,,Dragon Pokémon,50.2,49.8,0.4,8,225,5120,Swift Swim,Sniper,,Damp,1,0.5,0.5,2,2,0.5,1,1,1,1,1,1,1,1,1,1,0.5,1,0,0,0,Horsea,Level ,Seadra,Trade with  Dragon Scale,Kingdra,,,"Horsea makes its home in oceans with gentle currents. If this Pokémon is under attack, it spits out pitch-black ink and escapes."
117,Seadra,440,55,65,95,95,45,85,1,FALSE,117,I,시드라,Seadra,Seadra,water,,Dragon Pokémon,50.2,49.8,1.2,25,75,5120,Poison Point,Sniper,,Damp,1,0.5,0.5,2,2,0.5,1,1,1,1,1,1,1,1,1,1,0.5,1,0,0,0,Horsea,Level ,Seadra,Trade with  Dragon Scale,Kingdra,,,"It’s the males that raise the offspring. While Seadra are raising young, the spines on their backs secrete thicker and stronger poison."
118,Goldeen,320,45,67,60,35,50,63,1,FALSE,118,I,콘치,Goldeen,Tosakinto,water,,Goldfish Pokémon,50.2,49.8,0.6,15,225,5120,Swift Swim,Water Veil,,Lightning Rod,1,0.5,0.5,2,2,0.5,1,1,1,1,1,1,1,1,1,1,0.5,1,0,0,0,Goldeen,Level ,Seaking,,,,,"Its dorsal, pectoral, and tail fins wave elegantly in water. That is why it is known as the Water Dancer."
119,Seaking,450,80,92,65,65,80,68,1,FALSE,119,I,왕콘치,Seaking,Azumao,water,,Goldfish Pokémon,50.2,49.8,1.3,39,60,5120,Swift Swim,Water Veil,,Lightning Rod,1,0.5,0.5,2,2,0.5,1,1,1,1,1,1,1,1,1,1,0.5,1,0,0,0,Goldeen,Level ,Seaking,,,,,"In autumn, its body becomes more fatty in preparing to propose to a mate. It takes on beautiful colors."
120,Staryu,340,30,45,55,70,55,85,1,FALSE,120,I,별가사리,Staryu,Hitodeman,water,,Starshape Pokémon,,,0.8,34.5,225,5120,Illuminate,Natural Cure,,Analytic,1,0.5,0.5,2,2,0.5,1,1,1,1,1,1,1,1,1,1,0.5,1,0,0,0,Staryu,Use Water Stone,Starmie,,,,,"If you visit a beach at the end of summer, you’ll be able to see groups of Staryu lighting up in a steady rhythm."
121,Starmie,520,60,75,85,100,85,115,1,FALSE,121,I,아쿠스타,Starmie,Starmie,water,psychic,Mysterious Pokémon,,,1.1,80,60,5120,Illuminate,Natural Cure,,Analytic,1,0.5,0.5,2,2,0.5,0.5,1,1,1,0.5,2,1,2,1,2,0.5,1,0,0,0,Staryu,Use Water Stone,Starmie,,,,,This Pokémon has an organ known as its core. The organ glows in seven colors when Starmie is unleashing its potent psychic powers.
122,Mr. Mime,460,40,45,65,100,120,90,1,FALSE,122,I,마임맨,Mr. Mime,Barrierd,psychic,fairy,Barrier Pokémon,50.2,49.8,1.3,54.5,45,6400,Soundproof,Filter,,Technician,1,1,1,1,1,1,0.25,2,1,1,0.5,1,1,2,0,1,2,1,0,0,0,Mimejr.,Level up while knowing  Mimic,Mr.mime,,,,,The broadness of its hands may be no coincidence—many scientists believe its palms became enlarged specifically for pantomiming.
123,Scyther,500,70,110,80,55,80,105,1,FALSE,123,I,스라크,Scyther,Strike,bug,flying,Mantis Pokémon,50.2,49.8,1.5,56,45,6400,Swarm,Technician,,Steadfast,1,2,1,2,0.25,2,0.25,1,0,2,1,0.5,4,1,1,1,1,1,0,0,0,Scyther,Trade with  Metal Coat,Scizor,,,,,"As Scyther fights more and more battles, its scythes become sharper and sharper. With a single slice, Scyther can fell a massive tree."
124,Jynx,455,65,50,35,115,95,95,1,FALSE,124,I,루주라,Jynx,Rougela,ice,psychic,Humanshape Pokémon,0,100,1.4,40.6,45,6400,Oblivious,Forewarn,,Dry Skin,1,2,1,1,1,0.5,1,1,1,1,0.5,2,2,2,1,2,2,1,0,0,0,Smoochum,Level ,Jynx,,,,,"In certain parts of Galar, Jynx was once feared and worshiped as the Queen of Ice."
125,Electabuzz,490,65,83,57,95,85,105,1,FALSE,125,I,에레브,Electabuzz,Eleboo,electric,,Electric Pokémon,75.49,24.51,1.1,30,45,6400,Static,,,Vital Spirit,1,1,1,0.5,1,1,1,1,2,0.5,1,1,1,1,1,1,0.5,1,0,0,0,Elekid,Level ,Electabuzz,Trade with  Electirizer,Electivire,,,Many power plants keep Ground-type Pokémon around as a defense against Electabuzz that come seeking electricity.
126,Magmar,495,65,95,57,100,85,93,1,FALSE,126,I,마그마,Magmar,Boober,fire,,Spitfire Pokémon,75.49,24.51,1.3,44.5,45,6400,Flame Body,,,Vital Spirit,1,0.5,2,1,0.5,0.5,1,1,2,1,1,0.5,2,1,1,1,0.5,0.5,0,0,0,Magby,Level ,Magmar,Trade with  Magmarizer,Magmortar,,,Magmar dispatches its prey with fire. But it regrets this habit once it realizes that it has burned its intended prey to a charred crisp.
127,Pinsir,500,65,125,100,55,70,85,1,FALSE,127,I,쁘사이저,Pinsir,Kailios,bug,,Stagbeetle Pokémon,50.2,49.8,1.5,55,45,6400,Hyper Cutter,Mold Breaker,,Moxie,1,2,1,1,0.5,1,0.5,1,0.5,2,1,1,2,1,1,1,1,1,0,0,0,Pinsir,,,,,,,"These Pokémon judge one another based on pincers. Thicker, more impressive pincers make for more popularity with the opposite gender."
128,Tauros,490,75,100,95,40,70,110,1,FALSE,128,I,켄타로스,Tauros,Kentauros,normal,,Wild Bull Pokémon,100,0,1.4,88.4,45,5120,Intimidate,Anger Point,,Sheer Force,1,1,1,1,1,1,2,1,1,1,1,1,1,0,1,1,1,1,0,0,0,Tauros,,,,,,,"When Tauros begins whipping itself with its tails, it’s a warning that the Pokémon is about to charge with astounding speed."
129,Magikarp,200,20,10,55,15,20,80,1,FALSE,129,I,잉어킹,Magikarp,Koiking,water,,Fish Pokémon,50.2,49.8,0.9,10,255,1280,Swift Swim,,,Rattled,1,0.5,0.5,2,2,0.5,1,1,1,1,1,1,1,1,1,1,0.5,1,0,0,0,Magikarp,Level ,Gyarados,,,,,It is virtually worthless in terms of both power and speed. It is the most weak and pathetic Pokémon in the world.
130,Gyarados,540,95,125,79,60,100,81,1,FALSE,130,I,갸라도스,Gyarados,Gyarados,water,flying,Atrocious Pokémon,50.2,49.8,6.5,235,45,1280,Intimidate,,,Moxie,1,0.5,0.5,4,1,1,0.5,1,0,1,1,0.5,2,1,1,1,0.5,1,0,0,0,Magikarp,Level ,Gyarados,,,,,It has an extremely aggressive nature. The Hyper Beam it shoots from its mouth totally incinerates all targets.
131,Lapras,535,130,85,80,85,95,60,1,FALSE,131,I,라프라스,Lapras,Laplace,water,ice,Transport Pokémon,50.2,49.8,2.5,220,45,10240,Water Absorb,Shell Armor,,Hydration,1,1,0.5,2,2,0.25,2,1,1,1,1,1,2,1,1,1,1,1,0,0,0,Lapras,,,,,,,"A smart and kindhearted Pokémon, it glides across the surface of the sea while its beautiful song echoes around it."
132,Ditto,288,48,48,48,48,48,48,1,FALSE,132,I,메타몽,Ditto,Metamon,normal,,Transform Pokémon,,,0.3,4,35,5120,Limber,,,Imposter,1,1,1,1,1,1,2,1,1,1,1,1,1,0,1,1,1,1,0,0,0,Ditto,,,,,,,"It can reconstitute its entire cellular structure to change into what it sees, but it returns to normal when it relaxes."
133,Eevee,325,55,55,50,45,65,55,1,FALSE,133,I,이브이,Eevee,Eievui,normal,,Evolution Pokémon,88.14,11.86,0.3,6.5,45,8960,Run Away,Adaptability,,Anticipation,1,1,1,1,1,1,2,1,1,1,1,1,1,0,1,1,1,1,0,0,0,Eevee,,,,,,,It has the ability to alter the composition of its body to suit its surrounding environment.
134,Vaporeon,525,130,65,60,110,95,65,1,FALSE,134,I,샤미드,Vaporeon,Showers,water,,Bubble Jet Pokémon,88.14,11.86,1,29,45,8960,Water Absorb,,,Hydration,1,0.5,0.5,2,2,0.5,1,1,1,1,1,1,1,1,1,1,0.5,1,0,0,0,Eevee,,,,,,,"When Vaporeon’s fins begin to vibrate, it is a sign that rain will come within a few hours."
135,Jolteon,525,65,65,60,110,95,130,1,FALSE,135,I,쥬피썬더,Jolteon,Thunders,electric,,Lightning Pokémon,88.14,11.86,0.8,24.5,45,8960,Volt Absorb,,,Quick Feet,1,1,1,0.5,1,1,1,1,2,0.5,1,1,1,1,1,1,0.5,1,0,0,0,Eevee,,,,,,,"If it is angered or startled, the fur all over its body bristles like sharp needles that pierce foes."
136,Flareon,525,65,130,60,95,110,65,1,FALSE,136,I,부스터,Flareon,Booster,fire,,Flame Pokémon,88.14,11.86,0.9,25,45,8960,Flash Fire,,,Guts,1,0.5,2,1,0.5,0.5,1,1,2,1,1,0.5,2,1,1,1,0.5,0.5,0,0,0,Eevee,,,,,,,"Once it has stored up enough heat, this Pokémon’s body temperature can reach up to 1,700 degrees Fahrenheit."
137,Porygon,395,65,60,70,85,75,40,1,FALSE,137,I,폴리곤,Porygon,Porygon,normal,,Virtual Pokémon,,,0.8,36.5,45,5120,Trace,Download,,Analytic,1,1,1,1,1,1,2,1,1,1,1,1,1,0,1,1,1,1,0,0,0,Porygon,Trade with  Upgrade,Porygon2,Trade with  Dubious Disc,Porygon-Z,,,State-of-the-art technology was used to create Porygon. It was the first artificial Pokémon to be created via computer programming.
138,Omanyte,355,35,40,100,90,55,35,1,FALSE,138,I,암나이트,Omanyte,Omnite,rock,water,Spiral Pokémon,88.14,11.86,0.4,7.5,45,7680,Swift Swim,Shell Armor,,Weak Armor,0.5,0.25,1,2,4,0.5,2,0.5,2,0.5,1,1,1,1,1,1,1,1,0,0,0,Omanyte,Level ,Omastar,,,,,"Because some Omanyte manage to escape after being restored or are released into the wild by people, this species is becoming a problem."
139,Omastar,495,70,60,125,115,70,55,1,FALSE,139,I,암스타,Omastar,Omstar,rock,water,Spiral Pokémon,88.14,11.86,1,35,45,7680,Swift Swim,Shell Armor,,Weak Armor,0.5,0.25,1,2,4,0.5,2,0.5,2,0.5,1,1,1,1,1,1,1,1,0,0,0,Omanyte,Level ,Omastar,,,,,"Weighed down by a large and heavy shell, Omastar couldn’t move very fast. Some say it went extinct because it was unable to catch food."
140,Kabuto,355,30,80,90,55,45,55,1,FALSE,140,I,투구,Kabuto,Kabuto,rock,water,Shellfish Pokémon,88.14,11.86,0.5,11.5,45,7680,Swift Swim,Battle Armor,,Weak Armor,0.5,0.25,1,2,4,0.5,2,0.5,2,0.5,1,1,1,1,1,1,1,1,0,0,0,Kabuto,Level ,Kabutops,,,,,"This species is almost entirely extinct. Kabuto molt every three days, making their shells harder and harder."
141,Kabutops,495,60,115,105,65,70,80,1,FALSE,141,I,투구푸스,Kabutops,Kabutops,rock,water,Shellfish Pokémon,88.14,11.86,1.3,40.5,45,7680,Swift Swim,Battle Armor,,Weak Armor,0.5,0.25,1,2,4,0.5,2,0.5,2,0.5,1,1,1,1,1,1,1,1,0,0,0,Kabuto,Level ,Kabutops,,,,,Kabutops slices its prey apart and sucks out the fluids. The discarded body parts become food for other Pokémon.
142,Aerodactyl,515,80,105,65,60,75,130,1,FALSE,142,I,프테라,Aerodactyl,Ptera,rock,flying,Fossil Pokémon,88.14,11.86,1.8,59,45,8960,Rock Head,Pressure,,Unnerve,0.5,0.5,2,2,1,2,1,0.5,0,0.5,1,0.5,2,1,1,1,2,1,0,0,0,Aerodactyl,,,,,,,This is a ferocious Pokémon from ancient times. Apparently even modern technology is incapable of producing a perfectly restored specimen.
143,Snorlax,540,160,110,65,65,110,30,1,FALSE,143,I,잠만보,Snorlax,Kabigon,normal,,Sleeping Pokémon,88.14,11.86,2.1,460,25,10240,Immunity,Thick Fat,,Gluttony,1,1,1,1,1,1,2,1,1,1,1,1,1,0,1,1,1,1,0,0,0,Munchlax,Level Up with Happiness Value at 220,Snorlax,,,,,"It is not satisfied unless it eats over 880 pounds of food every day. When it is done eating, it goes promptly to sleep."
144,Articuno,580,90,85,100,95,125,85,1,TRUE,144,I,프리져,Articuno,Freezer,ice,flying,Freeze Pokémon,,,1.7,55.4,3,20480,Pressure,Competitive (Galarian Form),,Snow Cloak,1,2,1,2,0.5,1,1,1,0,1,1,0.5,4,1,1,1,2,1,1,0,0,Articuno,,,,,,,"It’s said that this Pokémon’s beautiful blue wings are made of ice. Articuno flies over snowy mountains, its long tail fluttering along behind it."
145,Zapdos,580,90,90,85,125,90,100,1,TRUE,145,I,썬더,Zapdos,Thunder,electric,flying,Electric Pokémon,,,1.6,52.6,3,20480,Pressure,Defiant (Galarian Form),,Static,1,1,1,1,0.5,2,0.5,1,0,0.5,1,0.5,2,1,1,1,0.5,1,1,0,0,Zapdos,,,,,,,This Pokémon has complete control over electricity. There are tales of Zapdos nesting in the dark depths of pitch-black thunderclouds.
146,Moltres,580,90,100,90,125,85,90,1,TRUE,146,I,파이어,Moltres,Fire,fire,flying,Flame Pokémon,,,2,60,3,20480,Pressure,Berserk (Galarian Form),,Flame Body,1,0.5,2,2,0.25,1,0.5,1,0,1,1,0.25,4,1,1,1,0.5,0.5,1,0,0,Moltres,,,,,,,"It’s one of the legendary bird Pokémon. When Moltres flaps its flaming wings, they glimmer with a dazzling red glow."
147,Dratini,300,41,64,45,50,50,50,1,FALSE,147,I,미뇽,Dratini,Miniryu,dragon,,Dragon Pokémon,50.2,49.8,1.8,3.3,45,10240,Shed Skin,,,Marvel Scale,1,0.5,0.5,0.5,0.5,2,1,1,1,1,1,1,1,1,2,1,1,2,0,0,0,Dratini,Level ,Dragonair,Level ,Dragonite,,,"Dratini dwells near bodies of rapidly flowing water, such as the plunge pools of waterfalls. As it grows, Dratini will shed its skin many times."
148,Dragonair,420,61,84,65,70,70,70,1,FALSE,148,I,신뇽,Dragonair,Hakuryu,dragon,,Dragon Pokémon,50.2,49.8,4,16.5,45,10240,Shed Skin,,,Marvel Scale,1,0.5,0.5,0.5,0.5,2,1,1,1,1,1,1,1,1,2,1,1,2,0,0,0,Dratini,Level ,Dragonair,Level ,Dragonite,,,"This Pokémon lives in pristine oceans and lakes. It can control the weather, and it uses this power to fly into the sky, riding on the wind."
149,Dragonite,600,91,134,95,100,100,80,1,FALSE,149,I,망나뇽,Dragonite,Kairyu,dragon,flying,Dragon Pokémon,50.2,49.8,2.2,210,45,10240,Inner Focus,,,Multiscale,1,0.5,0.5,1,0.25,4,0.5,1,0,1,1,0.5,2,1,2,1,1,2,0,0,0,Dratini,Level ,Dragonair,Level ,Dragonite,,,"It’s a kindhearted Pokémon. If it spots a drowning person or Pokémon, Dragonite simply must help them."
150,Mewtwo,680,106,110,90,154,90,130,1,TRUE,150,I,뮤츠,Mewtwo,Mewtwo,psychic,,Genetic Pokémon,,,2,122,3,30720,Pressure,,,Unnerve,1,1,1,1,1,1,0.5,1,1,1,0.5,2,1,2,1,2,1,1,0,1,0,Mewtwo,,,,,,,"Its DNA is almost the same as Mew’s. However, its size and disposition are vastly different."
151,Mew,600,100,100,100,100,100,100,1,FALSE,151,I,뮤,Mew,Mew,psychic,,New Species Pokémon,,,0.4,4,45,30720,Synchronize,,,,1,1,1,1,1,1,0.5,1,1,1,0.5,2,1,2,1,2,1,1,0,0,1,Mew,,,,,,,"When viewed through a microscope, this Pokémon’s short, fine, delicate hair can be seen."
